msg_id,speaker,text,label,tactic,stage,platform,urgency,subtlety_level,scam_subtype,tactic_urgency,tactic_fomo,tactic_sunk_cost,tactic_social_proof
SC_SUNK_0001,agent,"Hi Chamari, great update — the Czech Republic employer has signed your appointment letter. The visa processing fee of LKR 3,000 is the last formality before your work permit is issued. You've come three rounds to get here. Don't let this small fee stop you.",1,sunk_cost,payment_request,Email,low,very subtle,visa_processing_fee,0,0,1,0
SC_SUNK_0002,coordinator,"Hi Hasitha, your Netherlands work visa application has been submitted. After 3 rounds of selection and full document verification, the only remaining step is the visa processing fee of LKR 15,000. This is a government-mandated charge collected by the overseas authority. Your effort over these 2 weeks deserves this final step.",1,sunk_cost,payment_request,WhatsApp,low,very subtle,visa_processing_fee,0,0,1,0
SC_SUNK_0003,agent,"Dear Chaminda, your visa processing fee of USD 50 is due. This is separate from your salary and is a government compliance requirement for all New Zealand placements. You have already passed every assessment — this payment finalises your placement file.",1,sunk_cost,payment_request,SMS,low,very subtle,visa_processing_fee,0,0,1,0
SC_SUNK_0004,recruiter,"Hi Dilan, great update — the Czech Republic employer has signed your appointment letter. The visa processing fee of LKR 3,000 is the last formality before your work permit is issued. You've come four rounds to get here. Don't let this small fee stop you.",1,sunk_cost,follow_up,Telegram,low,very subtle,visa_processing_fee,0,0,1,0
SC_SUNK_0005,recruiter,"Dear Thilak, we have been processing your Singapore visa for four weeks. All checks passed. The outstanding visa fee is LKR 3,000 — once cleared, your work visa is issued within 3 working days. Please don't let this delay your placement.",1,sunk_cost,payment_request,SMS,low,very subtle,visa_processing_fee,0,0,1,0
SC_SUNK_0006,consultant,"Nadeeka, urgent update on your visa. The Bahrain immigration authority has flagged your file as pending due to the outstanding visa processing fee of LKR 12,500. After all the rounds you completed, your slot will be cancelled if this isn't paid by tomorrow.",1,sunk_cost,sunk_cost_followup,Instagram,low,very subtle,visa_processing_fee,0,0,1,0
SC_SUNK_0007,consultant,"Hi Eshan, great update — the Poland employer has signed your appointment letter. The visa processing fee of LKR 2,500 is the last formality before your work permit is issued. You've come 2 rounds to get here. Don't let this small fee stop you.",1,sunk_cost,document_request,Email,low,very subtle,visa_processing_fee,0,0,1,0
SC_SUNK_0008,agent,"Hi Hasitha, the BoldStep Careers HR team has confirmed your IT Helpdesk Technician role in Ireland. Our agent will process your work visa once the LKR 8,000 visa processing fee is transferred. Contact our agent at 0735408072. After 4 rounds, you deserve this opportunity.",1,sunk_cost,follow_up,SMS,low,very subtle,visa_processing_fee,0,0,1,0
SC_SUNK_0009,agent,"Hi Bhagya, your Procurement Officer placement in South Korea is confirmed by IronPath Consulting. The visa processing fee of CAD 120 is the last formality. Others in your batch who cleared 2 rounds paid this last week and have already received their visa approval letters.",1,sunk_cost,urgency_pressure,Email,low,very subtle,visa_processing_fee,0,0,1,0
SC_SUNK_0010,coordinator,"Hi Priya, your work permit for South Korea is 90% processed. The final LKR 10,000 visa processing fee is needed to release your permit number. This fee is collected by our government-registered agent at 0785476583. You have invested too much to stop now.",1,sunk_cost,document_request,LinkedIn,low,very subtle,visa_processing_fee,0,0,1,0
SC_SUNK_0011,recruiter,"Chamari, the New Zealand High Commission has accepted your visa application. The visa processing fee of GBP 80 must be paid within 48 hours to hold your application slot. You passed 2 rounds — don't let the file lapse now.",1,sunk_cost,document_request,LinkedIn,low,medium,visa_processing_fee,0,0,1,0
SC_SUNK_0012,recruiter,"Dear Tharaka, your visa documentation for the Digital Marketing Specialist position in Switzerland is complete. The BrightScope Careers placement team has held your file, and all that remains is the LKR 7,500 visa processing fee payable to the embassy liaison. You have already done everything else.",1,sunk_cost,urgency_pressure,Telegram,low,medium,visa_processing_fee,0,0,1,0
SC_SUNK_0013,manager,"Tharushi, the Australia visa processing fee is USD 75. This covers the consulate administration and the biometric slot booking. You completed four rounds and passed your medical — please don't let a standard fee hold you back.",1,sunk_cost,sunk_cost_followup,Instagram,low,medium,visa_processing_fee,0,0,1,0
SC_SUNK_0014,consultant,"Dear Queenie, I've been personally following up with the New Zealand embassy on your behalf. Your visa application is strong — four rounds, clean medical, strong references. The only thing blocking your approval is the LKR 6,500 visa processing fee.",1,sunk_cost,payment_request,Telegram,low,medium,visa_processing_fee,0,0,1,0
SC_SUNK_0015,recruiter,"Hi Asel — just following up. Your visa file has been waiting at the Singapore embassy for two weeks because the visa processing fee of LKR 10,000 hasn't been cleared. Please don't let the processing window close after all the work you've done.",1,sunk_cost,urgency_pressure,SMS,low,medium,visa_processing_fee,0,0,1,0
SC_SUNK_0016,coordinator,"Hi Priya — just following up. Your visa file has been waiting at the Italy embassy for three weeks because the visa processing fee of LKR 6,500 hasn't been cleared. Please don't let the processing window close after all the work you've done.",1,sunk_cost,payment_request,WhatsApp,low,medium,visa_processing_fee,0,0,1,0
SC_SUNK_0017,consultant,"Indika, urgent update on your visa. The Malaysia immigration authority has flagged your file as pending due to the outstanding visa processing fee of LKR 7,500. After all the rounds you completed, your slot will be cancelled if this isn't paid by tomorrow.",1,sunk_cost,follow_up,WhatsApp,low,medium,visa_processing_fee,0,0,1,0
SC_SUNK_0018,coordinator,"Dear Oshadhi, I've been personally following up with the Singapore embassy on your behalf. Your visa application is strong — 4 rounds, clean medical, strong references. The only thing blocking your approval is the LKR 4,500 visa processing fee.",1,sunk_cost,follow_up,Email,low,medium,visa_processing_fee,0,0,1,0
SC_SUNK_0019,recruiter,"Hi Sanduni, I want to be transparent — the visa processing fee of LKR 4,500 is not optional. It is required by the Norway Labour Ministry for all overseas placements. Given the three weeks you've invested, paying this secures your visa and nothing more.",1,sunk_cost,payment_request,WhatsApp,low,medium,visa_processing_fee,0,0,1,0
SC_SUNK_0020,hr,"Hi Uthpala, the NovaBridge Consulting HR team has confirmed your Logistics Officer role in South Korea. Our agent will process your work visa once the LKR 10,000 visa processing fee is transferred. Contact our agent at 0731981186. After 3 rounds, you deserve this opportunity.",1,sunk_cost,follow_up,LinkedIn,low,medium,visa_processing_fee,0,0,1,0
SC_SUNK_0021,recruiter,"Sewwandi, your onboarding confirmation for the Czech Republic role is ready. The onboarding fee of LKR 9,000 is a one-time charge covering your HR file setup, employment contract notarisation, and orientation session. Please transfer to 0709519948 to proceed.",1,sunk_cost,urgency_pressure,WhatsApp,low,medium,onboarding_fee,0,0,1,0
SC_SUNK_0022,agent,"Hi Malini, your onboarding date with PrimeLink HR in Sweden is confirmed. The LKR 3,000 onboarding fee must be paid to 0702375453 before your start date to activate your employee profile. You cleared three rounds — this is the final step.",1,sunk_cost,follow_up,Instagram,low,medium,onboarding_fee,0,0,1,0
SC_SUNK_0023,consultant,"Pavithra, your onboarding confirmation for the Bahrain role is ready. The onboarding fee of LKR 5,000 is a one-time charge covering your HR file setup, employment contract notarisation, and orientation session. Please transfer to 0776304573 to proceed.",1,sunk_cost,document_request,Instagram,low,medium,onboarding_fee,0,0,1,0
SC_SUNK_0024,recruiter,"Dear Rajan, the FocusHire Lanka HR team has allocated your Quality Assurance Officer position. The onboarding fee of LKR 5,000 covers your identity verification, security clearance, and first-month system access. After 3 rounds and a successful medical, this is the only remaining item.",1,sunk_cost,urgency_pressure,WhatsApp,low,medium,onboarding_fee,0,0,1,0
SC_SUNK_0025,hr,"Dear Harsha, I'm pleased to confirm that your onboarding with BrightScope Careers in UAE is ready to proceed. The LKR 15,000 onboarding fee covers your background verification with the overseas HR portal and your employment record registration. You're so close.",1,sunk_cost,urgency_pressure,Instagram,low,medium,onboarding_fee,0,0,1,0
SC_SUNK_0026,coordinator,"Dear Dilan, urgent notice — your FutureForce Pvt Ltd onboarding slot has been held for four weeks waiting for the LKR 6,500 onboarding fee. The slot will be reallocated if not paid by this Friday. After 3 rounds, please don't lose your position over this.",1,sunk_cost,payment_request,Instagram,low,obvious,onboarding_fee,0,0,1,0
SC_SUNK_0027,consultant,"Dear Linara, I want to be transparent about the onboarding fee. The LKR 6,500 covers your employment contract processing and government registration in Ireland. After three weeks of work and 4 rounds of selection, it would be a shame to stop here.",1,sunk_cost,follow_up,WhatsApp,low,obvious,onboarding_fee,0,0,1,0
SC_SUNK_0028,consultant,"Hi Bhagya, your onboarding date with GreenField Recruitment in Dubai is confirmed. The LKR 10,000 onboarding fee must be paid to 0783484601 before your start date to activate your employee profile. You cleared 4 rounds — this is the final step.",1,sunk_cost,payment_request,WhatsApp,low,obvious,onboarding_fee,0,0,1,0
SC_SUNK_0029,hr,"Dear Lahiru, the onboarding fee of EUR 100 is the final administrative step in your TalentAxis Lanka Kuwait placement. It covers your overseas employment registration and is reimbursed within 30 days. After four weeks of work, you're at the finish line.",1,sunk_cost,payment_request,WhatsApp,low,obvious,onboarding_fee,0,0,1,0
SC_SUNK_0030,manager,"Hi Rekha, after two rounds of selection, you've been confirmed for onboarding at NexGen Staffing. The LKR 4,500 onboarding fee is non-optional and covers your system access setup, uniform, and equipment allocation. This is the last step before your start date.",1,sunk_cost,sunk_cost_followup,Email,low,obvious,onboarding_fee,0,0,1,0
SC_SUNK_0031,agent,"Uthpala, I understand fees feel uncomfortable, but the LKR 7,500 onboarding fee is a legal requirement for all overseas Italy placements. It is collected by our registered agent and refunded in your first payslip. Please don't let three weeks of effort go to waste.",1,sunk_cost,follow_up,Email,low,obvious,onboarding_fee,0,0,1,0
SC_SUNK_0032,hr,"Hi Nalinda, great news on your Italy placement! The only item outstanding is your LKR 8,000 onboarding fee. Once received, MegaStaff Solutions will issue your contract, work permit reference number, and start date letter. You've done 2 rounds — one payment left.",1,sunk_cost,urgency_pressure,SMS,low,obvious,onboarding_fee,0,0,1,0
SC_SUNK_0033,hr,"Hi Dilan, your Canada work contract has been drafted. Before we can send it, the LKR 8,000 onboarding fee must be cleared. This is standard for all TalentAxis Lanka international placements. Your 2 weeks of effort have brought you to this final step.",1,sunk_cost,document_request,LinkedIn,low,obvious,onboarding_fee,0,0,1,0
SC_SUNK_0034,coordinator,"Hi Thilak, after four rounds of selection, you've been confirmed for onboarding at CoralPath Careers. The LKR 7,500 onboarding fee is non-optional and covers your system access setup, uniform, and equipment allocation. This is the last step before your start date.",1,sunk_cost,payment_request,Telegram,low,obvious,onboarding_fee,0,0,1,0
SC_SUNK_0035,hr,"Dear Jeevan, the onboarding fee of AED 200 is the final administrative step in your SummitHire Lanka Kuwait placement. It covers your overseas employment registration and is reimbursed within 30 days. After 2 weeks of work, you're at the finish line.",1,sunk_cost,follow_up,LinkedIn,low,obvious,onboarding_fee,0,0,1,0
SC_SUNK_0036,hr,"Dear Jeevan, I want to be transparent about the onboarding fee. The LKR 8,000 covers your employment contract processing and government registration in Switzerland. After four weeks of work and four rounds of selection, it would be a shame to stop here.",1,sunk_cost,payment_request,SMS,low,obvious,onboarding_fee,0,0,1,0
SC_SUNK_0037,consultant,"Hasitha, I need to inform you that the SummitHire Lanka onboarding fee of LKR 6,500 is due by the end of this week. This covers the mandatory employment screening report and your onboarding portal registration. After four rounds, your file is ready — don't let this hold you back.",1,sunk_cost,sunk_cost_followup,Email,low,obvious,onboarding_fee,0,0,1,0
SC_SUNK_0038,recruiter,"Kalani, I understand fees feel uncomfortable, but the LKR 5,000 onboarding fee is a legal requirement for all overseas Spain placements. It is collected by our registered agent and refunded in your first payslip. Please don't let 2 weeks of effort go to waste.",1,sunk_cost,sunk_cost_followup,Email,low,obvious,onboarding_fee,0,0,1,0
SC_SUNK_0039,consultant,"Minuri, the standard OmegaStaff Global onboarding fee of LKR 3,000 is due before your employment letter can be issued. This is non-negotiable and collected by our Singapore HR partner. Your selection was strong — 3 rounds with no issues. Please complete this.",1,sunk_cost,sunk_cost_followup,Instagram,low,obvious,onboarding_fee,0,0,1,0
SC_SUNK_0040,consultant,"Biyanka, the standard FutureForce Pvt Ltd onboarding fee of LKR 10,000 is due before your employment letter can be issued. This is non-negotiable and collected by our UAE HR partner. Your selection was strong — two rounds with no issues. Please complete this.",1,sunk_cost,urgency_pressure,LinkedIn,low,obvious,onboarding_fee,0,0,1,0
SC_SUNK_0041,hr,"Enoka — important update. The Czech Republic employer has requested that all candidates complete a LKR 15,000 skills training programme before their start date. Others in your batch who reached three rounds have already enrolled. Your slot is still available — please confirm.",1,sunk_cost,payment_request,LinkedIn,low,very subtle,training_fee,0,0,1,0
SC_SUNK_0042,hr,"Dear Kumara, I want to explain the training fee clearly. The LKR 10,000 covers your Kuwait workplace safety certification and cross-cultural orientation programme. Without this certification, the employer cannot issue your work permit. You've completed 3 rounds — please don't stop here.",1,sunk_cost,document_request,SMS,low,very subtle,training_fee,0,0,1,0
SC_SUNK_0043,manager,"Dear Priya, your RiseUp Careers training fee of USD 75 is now due. The training covers workplace rights, safety procedures, and New Zealand employment law. After 2 weeks of processing your file, this is the last step before your contract and work permit are issued.",1,sunk_cost,follow_up,Telegram,low,very subtle,training_fee,0,0,1,0
SC_SUNK_0044,manager,"Dear Uthpala, the training fee of USD 150 is a one-time charge for your mandatory Dubai compliance certification. This is required under Dubai labour law for all overseas workers. Your three rounds of interviews confirmed your suitability — this training confirms your compliance.",1,sunk_cost,follow_up,SMS,low,very subtle,training_fee,0,0,1,0
SC_SUNK_0045,consultant,"Dear Chathurika, your HarborPath Recruitment training fee of USD 120 is now due. The training covers workplace rights, safety procedures, and Dubai employment law. After 3 weeks of processing your file, this is the last step before your contract and work permit are issued.",1,sunk_cost,follow_up,SMS,low,very subtle,training_fee,0,0,1,0
SC_SUNK_0046,manager,"Hi Nirosha, your pre-employment training slot at EliteStaff Solutions is confirmed. The training fee of LKR 2,500 covers your 3-day induction programme in Norway, including accommodation and meals. After completing 4 rounds, this training is mandatory before your deployment date.",1,sunk_cost,payment_request,Email,low,very subtle,training_fee,0,0,1,0
SC_SUNK_0047,recruiter,"Hi Uthpala, your pre-deployment training for the Portugal placement has been confirmed. The training fee of LKR 2,500 covers a 3-day skills certification program required by the Portugal employer. After 4 rounds of selection, this training is the final mandatory step.",1,sunk_cost,follow_up,SMS,low,very subtle,training_fee,0,0,1,0
SC_SUNK_0048,agent,"Dear Biyanka, the training fee of USD 120 is a one-time charge for your mandatory France compliance certification. This is required under France labour law for all overseas workers. Your 2 rounds of interviews confirmed your suitability — this training confirms your compliance.",1,sunk_cost,payment_request,Telegram,low,very subtle,training_fee,0,0,1,0
SC_SUNK_0049,consultant,"Hi Tharaka, the BrightScope Careers training fee of LKR 4,500 is refundable if you complete the training programme and join the Sweden placement as agreed. It's essentially a commitment deposit. After two weeks of effort, this protects your slot while training takes place.",1,sunk_cost,sunk_cost_followup,Instagram,low,very subtle,training_fee,0,0,1,0
SC_SUNK_0050,agent,"Hi Thushari, the pre-deployment training fee of LKR 6,500 must be paid to proceed. This is not optional — the Finland Labour Authority mandates this for all new overseas workers in your category. After 2 rounds of interviews, you have already met every other requirement.",1,sunk_cost,sunk_cost_followup,Instagram,low,very subtle,training_fee,0,0,1,0
SC_SUNK_0051,consultant,"Bhagya — important update. The Japan employer has requested that all candidates complete a LKR 2,500 skills training programme before their start date. Others in your batch who reached two rounds have already enrolled. Your slot is still available — please confirm.",1,sunk_cost,document_request,Telegram,low,medium,training_fee,0,0,1,0
SC_SUNK_0052,consultant,"Hi Rekha, your pre-employment training slot at ConnectPro Recruitment is confirmed. The training fee of LKR 12,500 covers your 3-day induction programme in Germany, including accommodation and meals. After completing two rounds, this training is mandatory before your deployment date.",1,sunk_cost,document_request,Telegram,low,medium,training_fee,0,0,1,0
SC_SUNK_0053,manager,"Hi Biyanka, your training fee of AED 250 covers the mandatory cross-cultural and language orientation programme required by EliteStaff Solutions for all Bahrain placements. After 2 rounds and a successful background check, this 1-day programme is the final formality.",1,sunk_cost,urgency_pressure,Email,low,medium,training_fee,0,0,1,0
SC_SUNK_0054,hr,"Dear Hasitha, your Logistics Officer placement in Spain requires a certified first-aid and workplace safety training. The training fee is LKR 6,500. You passed all three rounds with strong scores — this certification is the final professional requirement before deployment.",1,sunk_cost,urgency_pressure,SMS,low,medium,training_fee,0,0,1,0
SC_SUNK_0055,manager,"Linara, your GreenField Recruitment placement in Portugal is at the final stage. The LKR 9,000 training fee covers your English proficiency re-certification, which is required by the employer. After three weeks, this is the last thing standing between you and your contract.",1,sunk_cost,follow_up,Instagram,low,medium,training_fee,0,0,1,0
SC_SUNK_0056,manager,"Hi Tharaka, your PinnacleStaff Intl pre-deployment training is scheduled for next Monday. The training fee of LKR 7,500 must be paid before the session to confirm your seat. After all the rounds you completed, missing this training means losing your placement.",1,sunk_cost,urgency_pressure,SMS,low,medium,training_fee,0,0,1,0
SC_SUNK_0057,consultant,"Asel, the training fee of LKR 4,500 is the final administrative step. Your four rounds of interviews, your medical clearance, and your reference checks have all been completed successfully. The training certificate is needed by the Malaysia employer before they can issue your contract.",1,sunk_cost,urgency_pressure,WhatsApp,low,medium,training_fee,0,0,1,0
SC_SUNK_0058,agent,"Dear Harsha, WorkBridge International requires all overseas candidates to complete a certified training program before deployment. The training fee is LKR 4,500 and covers your course materials, assessment, and certification. You passed four rounds — this is the last requirement.",1,sunk_cost,document_request,SMS,low,medium,training_fee,0,0,1,0
SC_SUNK_0059,consultant,"Hi Shalini, your pre-employment training slot at GreenField Recruitment is confirmed. The training fee of LKR 3,000 covers your 3-day induction programme in Kuwait, including accommodation and meals. After completing 4 rounds, this training is mandatory before your deployment date.",1,sunk_cost,follow_up,Email,low,medium,training_fee,0,0,1,0
SC_SUNK_0060,recruiter,"Dear Malini, your BlueSky Recruitment training fee of USD 50 is now due. The training covers workplace rights, safety procedures, and Bahrain employment law. After two weeks of processing your file, this is the last step before your contract and work permit are issued.",1,sunk_cost,follow_up,WhatsApp,low,medium,training_fee,0,0,1,0
SC_SUNK_0061,manager,"Jeevan, the equipment and uniform deposit of LKR 12,500 must be paid within 48 hours to hold your shipment slot. The Singapore employer assigns equipment in batches — your batch ships this Friday. After all the rounds you completed, please confirm today.",1,sunk_cost,urgency_pressure,Telegram,low,medium,equipment_deposit,0,0,1,0
SC_SUNK_0062,coordinator,"Hi Bhagya, the uniform and equipment deposit of LKR 5,000 is a standard requirement for all overseas ProPath Careers placements. Your uniform is being prepared in Finland to your measurements. After completing all four rounds, this deposit ensures your kit is ready on day one.",1,sunk_cost,sunk_cost_followup,WhatsApp,low,medium,equipment_deposit,0,0,1,0
SC_SUNK_0063,consultant,"Hi Kumara, your equipment package for the Dubai role has been prepared. The LKR 9,000 equipment deposit secures your shipment and is deducted from your first salary. After completing 3 rounds of interviews, your kit is ready and waiting.",1,sunk_cost,urgency_pressure,LinkedIn,low,medium,equipment_deposit,0,0,1,0
SC_SUNK_0064,consultant,"Hi Suresh, your equipment package for the Spain role has been prepared. The LKR 8,000 equipment deposit secures your shipment and is deducted from your first salary. After completing 3 rounds of interviews, your kit is ready and waiting.",1,sunk_cost,payment_request,Telegram,low,medium,equipment_deposit,0,0,1,0
SC_SUNK_0065,consultant,"Dear Roshan, I want to explain this clearly. The LKR 6,500 equipment deposit is held in escrow by BrightScope Careers's Spain partner — not by us. It is released to you on your first working day. After four weeks of selection, you deserve full transparency.",1,sunk_cost,urgency_pressure,Telegram,low,medium,equipment_deposit,0,0,1,0
SC_SUNK_0066,recruiter,"Dear Sewwandi, your laptop and starter kit for the UAE role are ready at our UAE warehouse. The LKR 7,500 equipment deposit covers the shipping and customs clearance. After two weeks and 2 rounds, this is the only remaining item.",1,sunk_cost,follow_up,Telegram,low,obvious,equipment_deposit,0,0,1,0
SC_SUNK_0067,manager,"Dear Thilak, the LKR 4,500 equipment deposit is standard for all international placements through ApexTalent Group. It covers your uniform, personal protective equipment, and workstation setup in Oman. After 2 weeks of work, this deposit is the only outstanding item.",1,sunk_cost,document_request,Instagram,low,obvious,equipment_deposit,0,0,1,0
SC_SUNK_0068,agent,"Zainab, your uniform deposit of LKR 8,000 is the last thing standing between you and your Saudi Arabia start date. The deposit is returned with your first paycheck. Others in your batch who completed four rounds have already paid and received their shipping confirmations.",1,sunk_cost,document_request,WhatsApp,low,obvious,equipment_deposit,0,0,1,0
SC_SUNK_0069,manager,"Dear Nuwan, the LKR 2,500 equipment deposit is standard for all international placements through VisionHire Lanka. It covers your uniform, personal protective equipment, and workstation setup in Bahrain. After two weeks of work, this deposit is the only outstanding item.",1,sunk_cost,urgency_pressure,WhatsApp,low,obvious,equipment_deposit,0,0,1,0
SC_SUNK_0070,agent,"Minuri, your equipment deposit of LKR 10,000 has been pending for 2 weeks. The UAE employer has confirmed your role and is waiting on this to issue your start date. After two rounds, please don't let your slot expire over a refundable deposit.",1,sunk_cost,document_request,WhatsApp,low,obvious,equipment_deposit,0,0,1,0
SC_SUNK_0071,recruiter,"Hi Tharushi, the equipment deposit of AED 200 is required to process your Germany work starter kit. This covers your device insurance, uniform production, and safety certification card. After 2 rounds, your file is approved — one payment remains.",1,sunk_cost,urgency_pressure,Telegram,low,obvious,equipment_deposit,0,0,1,0
SC_SUNK_0072,manager,"Imasha, urgent — your equipment package must be confirmed today. The LKR 5,000 equipment deposit is required to release your device shipment to Poland. After 3 rounds, your placement is confirmed. Contact our logistics agent at 0739526867 to pay.",1,sunk_cost,follow_up,LinkedIn,low,obvious,equipment_deposit,0,0,1,0
SC_SUNK_0073,coordinator,"Priya, urgent — your equipment package must be confirmed today. The LKR 2,500 equipment deposit is required to release your device shipment to Portugal. After 4 rounds, your placement is confirmed. Contact our logistics agent at 0799214801 to pay.",1,sunk_cost,document_request,SMS,low,obvious,equipment_deposit,0,0,1,0
SC_SUNK_0074,coordinator,"Hi Enoka, the SkyPath Staffing equipment deposit of LKR 8,000 is required before your start date. This covers all tools and materials for your Procurement Officer position. After 3 rounds of selection, losing your placement over a refundable deposit would be a genuine waste.",1,sunk_cost,urgency_pressure,SMS,low,obvious,equipment_deposit,0,0,1,0
SC_SUNK_0075,consultant,"Dear Zainab, the Saudi Arabia employer requires all Office Administrator hires to pay an equipment security deposit before their tools are shipped. The deposit is LKR 8,000 and is 100% refundable on arrival. After three weeks of processing, please don't let a refundable deposit stop you.",1,sunk_cost,follow_up,LinkedIn,low,obvious,equipment_deposit,0,0,1,0
SC_SUNK_0076,consultant,"Hi Devindi, your equipment package for the Netherlands role has been prepared. The LKR 8,000 equipment deposit secures your shipment and is deducted from your first salary. After completing two rounds of interviews, your kit is ready and waiting.",1,sunk_cost,payment_request,WhatsApp,low,obvious,equipment_deposit,0,0,1,0
SC_SUNK_0077,hr,"Hi Nalinda, your equipment package for the Italy role has been prepared. The LKR 10,000 equipment deposit secures your shipment and is deducted from your first salary. After completing 2 rounds of interviews, your kit is ready and waiting.",1,sunk_cost,follow_up,LinkedIn,low,obvious,equipment_deposit,0,0,1,0
SC_SUNK_0078,recruiter,"Dear Chathurika, the LKR 4,500 equipment deposit is standard for all international placements through WorkBridge International. It covers your uniform, personal protective equipment, and workstation setup in Portugal. After four weeks of work, this deposit is the only outstanding item.",1,sunk_cost,follow_up,Instagram,low,obvious,equipment_deposit,0,0,1,0
SC_SUNK_0079,manager,"Tharaka, your equipment deposit of LKR 15,000 has been pending for two weeks. The UK employer has confirmed your role and is waiting on this to issue your start date. After 3 rounds, please don't let your slot expire over a refundable deposit.",1,sunk_cost,urgency_pressure,Telegram,low,obvious,equipment_deposit,0,0,1,0
SC_SUNK_0080,manager,"Hi Tharushi, your equipment package for the Finland role has been prepared. The LKR 9,000 equipment deposit secures your shipment and is deducted from your first salary. After completing 2 rounds of interviews, your kit is ready and waiting.",1,sunk_cost,document_request,Email,low,obvious,equipment_deposit,0,0,1,0
SC_SUNK_0081,manager,"Hi Devindi, your StarlightHR security check for Finland requires a LKR 9,000 fee for the third-party verification agency. The agency returns results within 3 working days and your contract is issued immediately after. After two rounds of work, you're this close.",1,sunk_cost,document_request,Instagram,low,very subtle,background_check_fee,0,0,1,0
SC_SUNK_0082,recruiter,"Rajiv, the LKR 6,500 background check fee has been outstanding for two weeks. The Kuwait employer is waiting on your security clearance before issuing your contract. After completing four rounds, please don't let an unpaid fee hold back your placement.",1,sunk_cost,follow_up,SMS,low,very subtle,background_check_fee,0,0,1,0
SC_SUNK_0083,consultant,"Suresh, the LKR 12,500 background check fee has been outstanding for three weeks. The Spain employer is waiting on your security clearance before issuing your contract. After completing four rounds, please don't let an unpaid fee hold back your placement.",1,sunk_cost,payment_request,Email,low,very subtle,background_check_fee,0,0,1,0
SC_SUNK_0084,agent,"Hi Devindi, the Finland employer needs your security check completed before the contract deadline. The background check fee of LKR 6,500 must be paid today. After three weeks and two rounds, missing this deadline means your slot is reallocated.",1,sunk_cost,sunk_cost_followup,Instagram,low,very subtle,background_check_fee,0,0,1,0
SC_SUNK_0085,hr,"Hi Saman, the background screening fee of LKR 6,500 is required by the Netherlands employer's insurance policy. All new Logistics Officer hires must clear this before their start date. After 2 rounds of interviews, this is the final pre-employment step.",1,sunk_cost,follow_up,Email,low,very subtle,background_check_fee,0,0,1,0
SC_SUNK_0086,recruiter,"Dear Wasantha, the LKR 10,000 security clearance fee is paid to the Japan government's accredited background agency — not to GreenField Recruitment. It covers your police record check and overseas employment verification. After all the rounds you passed, this is a straightforward requirement.",1,sunk_cost,document_request,LinkedIn,low,very subtle,background_check_fee,0,0,1,0
SC_SUNK_0087,coordinator,"Dear Hiruni, I've been chasing your background check with the Singapore agency for two weeks. The LKR 7,500 fee has not been received, which is why the process is stalled. After everything you've invested in this process, please don't let a pending fee be the reason it falls through.",1,sunk_cost,urgency_pressure,WhatsApp,low,very subtle,background_check_fee,0,0,1,0
SC_SUNK_0088,manager,"Hi Chamari, the Qatar employer needs your security check completed before the contract deadline. The background check fee of LKR 3,000 must be paid today. After 2 weeks and 3 rounds, missing this deadline means your slot is reallocated.",1,sunk_cost,sunk_cost_followup,SMS,low,very subtle,background_check_fee,0,0,1,0
SC_SUNK_0089,manager,"Ashan, the background verification fee of RM 300 is due today. The Czech Republic employer has given us a final deadline. After 4 rounds of interviews and a successful medical clearance, this is the only outstanding item before your employment letter is issued.",1,sunk_cost,sunk_cost_followup,Email,low,very subtle,background_check_fee,0,0,1,0
SC_SUNK_0090,consultant,"Devindi, the background verification fee of SGD 150 is due today. The Italy employer has given us a final deadline. After two rounds of interviews and a successful medical clearance, this is the only outstanding item before your employment letter is issued.",1,sunk_cost,document_request,WhatsApp,low,very subtle,background_check_fee,0,0,1,0
SC_SUNK_0091,coordinator,"Hi Nuwan, the Malaysia employer needs your security check completed before the contract deadline. The background check fee of LKR 2,500 must be paid today. After 3 weeks and 3 rounds, missing this deadline means your slot is reallocated.",1,sunk_cost,sunk_cost_followup,Instagram,low,medium,background_check_fee,0,0,1,0
SC_SUNK_0092,agent,"Hi Nadeeka, your international background check has been approved in principle. The LKR 2,500 screening fee releases your full report to the Malaysia employer. After 3 rounds, your qualifications and references have checked out — this fee processes the formal record.",1,sunk_cost,urgency_pressure,SMS,low,medium,background_check_fee,0,0,1,0
SC_SUNK_0093,recruiter,"Chamari, urgent — the PureHire Solutions security clearance process requires your LKR 5,000 background check fee before they can access your international records. After three weeks of work, your placement is confirmed pending this one verification step.",1,sunk_cost,document_request,Email,low,medium,background_check_fee,0,0,1,0
SC_SUNK_0094,manager,"Ashan, final reminder — your background check fee of LKR 7,500 is due. The Canada employer has flagged your file as incomplete without the security clearance certificate. After 2 weeks of investment in this process, please complete this today.",1,sunk_cost,follow_up,WhatsApp,low,medium,background_check_fee,0,0,1,0
SC_SUNK_0095,hr,"Hi Thilak, your background check fee of LKR 15,000 covers the Spain national police database check, previous employer verification, and academic credential confirmation. After 2 weeks of hard work in this selection process, this fee is the final administrative requirement.",1,sunk_cost,follow_up,Telegram,low,medium,background_check_fee,0,0,1,0
SC_SUNK_0096,coordinator,"Hi Devindi, your PrimeLink HR security check for Ireland requires a LKR 3,000 fee for the third-party verification agency. The agency returns results within 3 working days and your contract is issued immediately after. After three rounds of work, you're this close.",1,sunk_cost,payment_request,SMS,low,medium,background_check_fee,0,0,1,0
SC_SUNK_0097,manager,"Dear Queenie, I've been chasing your background check with the UAE agency for 2 weeks. The LKR 3,000 fee has not been received, which is why the process is stalled. After everything you've invested in this process, please don't let a pending fee be the reason it falls through.",1,sunk_cost,sunk_cost_followup,Telegram,low,medium,background_check_fee,0,0,1,0
SC_SUNK_0098,recruiter,"Hi Oshadhi, your background check for South Korea employment has been initiated. The LKR 8,000 fee covers your criminal record check, credit screening, and employment history verification across 4 previous employers. Please pay via 0728956894 to proceed.",1,sunk_cost,document_request,Instagram,low,medium,background_check_fee,0,0,1,0
SC_SUNK_0099,consultant,"Dear Nuwan, the Australia employer requires a certified police clearance and background report before issuing your contract. The background check fee is LKR 4,500. You have already passed three rounds of interviews — this certification is the final requirement.",1,sunk_cost,document_request,WhatsApp,low,medium,background_check_fee,0,0,1,0
SC_SUNK_0100,consultant,"Dear Zainab, StarlightHR uses a third-party background screening agency for all Italy placements. The agency fee is LKR 6,500. After your two weeks of involvement and successful medicals, this is the last third-party cost before your employment letter.",1,sunk_cost,sunk_cost_followup,LinkedIn,low,medium,background_check_fee,0,0,1,0
SC_SUNK_0101,hr,"Hi Rekha, your medical appointment is confirmed for next week. The LKR 7,500 fee covers the examination and the certified medical report. After completing 4 rounds with strong scores, this health clearance is the last formality before your start date is issued.",1,sunk_cost,urgency_pressure,WhatsApp,low,medium,medical_fee,0,0,1,0
SC_SUNK_0102,recruiter,"Dear Nirosha, I've been holding your Denmark placement file open for two weeks waiting for the medical fee of LKR 6,500. The employer's deadline is this Friday. After all the rounds you completed, please don't let this window close.",1,sunk_cost,payment_request,SMS,low,medium,medical_fee,0,0,1,0
SC_SUNK_0103,recruiter,"Dear Yasiru, your medical fee of RM 300 is due. The examination covers vision, hearing, cardiovascular fitness, and a blood panel. After 2 weeks of selection work, this is a routine step that confirms what your interview performance already demonstrated.",1,sunk_cost,sunk_cost_followup,Instagram,low,medium,medical_fee,0,0,1,0
SC_SUNK_0104,coordinator,"Kalani, the medical examination fee of LKR 2,500 must be paid by end of week. The clinic has held your appointment for two weeks but will cancel it if the fee is not received. After three rounds of work, please don't let a scheduling fee cancel your placement.",1,sunk_cost,sunk_cost_followup,Telegram,low,medium,medical_fee,0,0,1,0
SC_SUNK_0105,hr,"Dear Bhagya, the medical fitness fee of LKR 10,000 includes the cost of the certificate document, which must be submitted to the Sweden embassy with your visa application. After two weeks of work, this is the final document your visa file needs.",1,sunk_cost,payment_request,LinkedIn,low,medium,medical_fee,0,0,1,0
SC_SUNK_0106,recruiter,"Dear Kalani, your medical examination for the Singapore placement has been scheduled at our partner clinic. The fee of LKR 5,000 covers the full examination, chest X-ray, blood panel, and official clearance certificate. After 3 rounds of selection, this is the final step.",1,sunk_cost,sunk_cost_followup,Telegram,low,obvious,medical_fee,0,0,1,0
SC_SUNK_0107,agent,"Dear Kavitha, your Receptionist position in Czech Republic requires a medical fitness certificate from a government-approved clinic. The medical examination fee is LKR 10,000. After four weeks of selection and successful interviews, this is the final health verification step.",1,sunk_cost,follow_up,Email,low,obvious,medical_fee,0,0,1,0
SC_SUNK_0108,coordinator,"Hi Chathurika, I understand paying for a medical feels unexpected. But the LKR 12,500 is a UAE government requirement, not a PeakHire Global charge. After four rounds and a successful background check, this medical certificate is what releases your work permit.",1,sunk_cost,follow_up,SMS,low,obvious,medical_fee,0,0,1,0
SC_SUNK_0109,consultant,"Dear Dilshan, the medical fitness fee of LKR 3,000 includes the cost of the certificate document, which must be submitted to the Germany embassy with your visa application. After three weeks of work, this is the final document your visa file needs.",1,sunk_cost,document_request,LinkedIn,low,obvious,medical_fee,0,0,1,0
SC_SUNK_0110,hr,"Dear Fathima, I want to explain the medical fee clearly. The LKR 7,500 covers your fitness examination at a Italy-accredited clinic. The certificate is required by the employer's insurance policy. After two weeks, all other checks are complete — this is the only remaining item.",1,sunk_cost,payment_request,Instagram,low,obvious,medical_fee,0,0,1,0
SC_SUNK_0111,agent,"Hi Pradeep, the medical fitness fee of LKR 4,500 is required by the Czech Republic immigration authority for all work visa applications. After 3 rounds of interviews and document submissions, this is the last formal requirement before your visa is processed.",1,sunk_cost,sunk_cost_followup,Email,low,obvious,medical_fee,0,0,1,0
SC_SUNK_0112,manager,"Hi Minuri, the Portugal Labour Authority requires all overseas workers to hold a valid medical clearance certificate. The examination fee is LKR 15,000. After completing four rounds with FocusHire Lanka, this medical certificate is the last item before your work visa is processed.",1,sunk_cost,urgency_pressure,Telegram,low,obvious,medical_fee,0,0,1,0
SC_SUNK_0113,coordinator,"Dear Indika, your Content Moderator position in Norway requires a medical fitness certificate from a government-approved clinic. The medical examination fee is LKR 7,500. After 2 weeks of selection and successful interviews, this is the final health verification step.",1,sunk_cost,sunk_cost_followup,SMS,low,obvious,medical_fee,0,0,1,0
SC_SUNK_0114,coordinator,"Dear Tharaka, I've been holding your Australia placement file open for 3 weeks waiting for the medical fee of LKR 10,000. The employer's deadline is this Friday. After all the rounds you completed, please don't let this window close.",1,sunk_cost,urgency_pressure,WhatsApp,low,obvious,medical_fee,0,0,1,0
SC_SUNK_0115,agent,"Dear Arjun, your Operations Executive position in Sweden requires a medical fitness certificate from a government-approved clinic. The medical examination fee is LKR 9,000. After two weeks of selection and successful interviews, this is the final health verification step.",1,sunk_cost,sunk_cost_followup,Telegram,low,obvious,medical_fee,0,0,1,0
SC_SUNK_0116,coordinator,"Biyanka, the medical fee is LKR 4,500. I want to be fully transparent — this is paid to the clinic, not to CoralPath Careers. The UAE employer requires the health certificate before they can issue your employment contract. After 4 rounds, this is the last item.",1,sunk_cost,urgency_pressure,Telegram,low,obvious,medical_fee,0,0,1,0
SC_SUNK_0117,hr,"Hi Shalini, the Norway Labour Authority requires all overseas workers to hold a valid medical clearance certificate. The examination fee is LKR 10,000. After completing 4 rounds with HorizonHire Lanka, this medical certificate is the last item before your work visa is processed.",1,sunk_cost,sunk_cost_followup,WhatsApp,low,obvious,medical_fee,0,0,1,0
SC_SUNK_0118,consultant,"Hi Vikram, the StarlightHR medical examination fee of LKR 4,500 covers your fitness certificate, which is valid for 2 years and required for all overseas placements to Kuwait. After completing 2 rounds with strong results, this is the final formality.",1,sunk_cost,follow_up,Instagram,low,obvious,medical_fee,0,0,1,0
SC_SUNK_0119,coordinator,"Hi Lahiru, the medical fitness fee of LKR 15,000 is required by the Poland immigration authority for all work visa applications. After 4 rounds of interviews and document submissions, this is the last formal requirement before your visa is processed.",1,sunk_cost,sunk_cost_followup,Instagram,low,obvious,medical_fee,0,0,1,0
SC_SUNK_0120,agent,"Dear Hasitha, your Operations Executive position in Portugal requires a medical fitness certificate from a government-approved clinic. The medical examination fee is LKR 4,500. After 3 weeks of selection and successful interviews, this is the final health verification step.",1,sunk_cost,payment_request,Email,low,obvious,medical_fee,0,0,1,0
SC_SUNK_0121,agent,"Dear Oshadhi, the mandatory overseas workers insurance scheme requires a LKR 4,500 annual premium. This is a UK government requirement that SilverLine Staffing cannot waive. After 3 rounds of strong interviews, you are fully approved pending this one registration.",1,sunk_cost,payment_request,LinkedIn,low,very subtle,insurance_fee,0,0,1,0
SC_SUNK_0122,manager,"Tharushi, urgent — your overseas insurance registration must be completed before your departure date. The LKR 10,000 premium is due today. After three weeks of processing and two rounds of interviews, your slot is confirmed. Please complete the insurance step.",1,sunk_cost,payment_request,Instagram,low,very subtle,insurance_fee,0,0,1,0
SC_SUNK_0123,agent,"Hi Harsha, your overseas worker insurance premium of USD 75 is required by Sri Lanka's Foreign Employment Act. After 4 rounds, your placement is fully approved by AlphaHire Lanka and the Netherlands employer. This registration is the last legal requirement.",1,sunk_cost,payment_request,LinkedIn,low,very subtle,insurance_fee,0,0,1,0
SC_SUNK_0124,hr,"Hi Hiruni, your overseas employment insurance premium of RM 300 is due before departure. This is mandatory for all CoralPath Careers Italy placements and covers you from the moment you leave Sri Lanka. After three rounds, this final payment secures your full protection.",1,sunk_cost,sunk_cost_followup,WhatsApp,low,very subtle,insurance_fee,0,0,1,0
SC_SUNK_0125,manager,"Hi Enoka, the LKR 7,500 overseas insurance contribution covers you for medical emergencies, workplace accidents, and repatriation during your Dubai placement. After four weeks of effort, this registration is the final step before your departure confirmation.",1,sunk_cost,urgency_pressure,WhatsApp,low,very subtle,insurance_fee,0,0,1,0
SC_SUNK_0126,agent,"Hi Sanduni, your overseas employment insurance for the Norway placement requires a LKR 6,500 premium payment. This is mandatory under Norway labour law and cannot be skipped. After 3 rounds of interviews and a successful medical, this is the final compliance step.",1,sunk_cost,sunk_cost_followup,Email,low,very subtle,insurance_fee,0,0,1,0
SC_SUNK_0127,consultant,"Dear Dilshan, the Malaysia employer requires all new hires to be enrolled in the mandatory overseas workers insurance scheme. The insurance fee of LKR 10,000 is a one-time payment. After three weeks of selection, this coverage protects you from day one in Malaysia.",1,sunk_cost,urgency_pressure,Telegram,low,very subtle,insurance_fee,0,0,1,0
SC_SUNK_0128,recruiter,"Tharushi, your welfare fund registration for the Norway placement requires a LKR 9,000 contribution. This fund covers you for workplace injury, repatriation, and death benefit while working overseas. After 2 rounds, please complete this final registration.",1,sunk_cost,sunk_cost_followup,LinkedIn,low,very subtle,insurance_fee,0,0,1,0
SC_SUNK_0129,agent,"Hi Imasha, your overseas employment insurance for the Dubai placement requires a LKR 8,000 premium payment. This is mandatory under Dubai labour law and cannot be skipped. After four rounds of interviews and a successful medical, this is the final compliance step.",1,sunk_cost,urgency_pressure,SMS,low,very subtle,insurance_fee,0,0,1,0
SC_SUNK_0130,recruiter,"Dear Queenie, the mandatory overseas workers insurance scheme requires a LKR 9,000 annual premium. This is a Netherlands government requirement that SkyPath Staffing cannot waive. After two rounds of strong interviews, you are fully approved pending this one registration.",1,sunk_cost,follow_up,Telegram,low,very subtle,insurance_fee,0,0,1,0
SC_SUNK_0131,consultant,"Hi Priya, the Singapore employer mandates overseas worker insurance for all foreign hires. The annual premium is LKR 12,500 and is partially reimbursed in your third month. After four weeks of effort, this insurance is the last thing standing between you and your start date.",1,sunk_cost,sunk_cost_followup,Instagram,low,medium,insurance_fee,0,0,1,0
SC_SUNK_0132,agent,"Hi Hasini, the LKR 9,000 overseas insurance contribution covers you for medical emergencies, workplace accidents, and repatriation during your Oman placement. After two weeks of effort, this registration is the final step before your departure confirmation.",1,sunk_cost,sunk_cost_followup,Email,low,medium,insurance_fee,0,0,1,0
SC_SUNK_0133,hr,"Dear Kalani, the LKR 15,000 overseas workers insurance premium is required by the Sri Lanka Bureau of Foreign Employment for all overseas placements. After two weeks of processing and 4 rounds of interviews, this registration is the last step before your departure.",1,sunk_cost,sunk_cost_followup,LinkedIn,low,medium,insurance_fee,0,0,1,0
SC_SUNK_0134,manager,"Dear Tharaka, the Ireland workers welfare insurance fee of LKR 7,500 has been outstanding for 2 weeks. Your deployment cannot proceed without this registration. After four rounds of interviews and document submissions, please don't let this final step delay your departure.",1,sunk_cost,follow_up,Instagram,low,medium,insurance_fee,0,0,1,0
SC_SUNK_0135,coordinator,"Fathima, your insurance premium of LKR 10,000 is the last item on your pre-departure checklist. After 2 rounds of selection and a clean medical, all other items are complete. This welfare fund registration is mandatory and takes only one payment to finalise.",1,sunk_cost,payment_request,LinkedIn,low,medium,insurance_fee,0,0,1,0
SC_SUNK_0136,consultant,"Dear Enoka, the Poland workers welfare insurance fee of LKR 7,500 has been outstanding for four weeks. Your deployment cannot proceed without this registration. After four rounds of interviews and document submissions, please don't let this final step delay your departure.",1,sunk_cost,follow_up,Email,low,medium,insurance_fee,0,0,1,0
SC_SUNK_0137,hr,"Roshan, your welfare fund registration for the Denmark placement requires a LKR 15,000 contribution. This fund covers you for workplace injury, repatriation, and death benefit while working overseas. After 3 rounds, please complete this final registration.",1,sunk_cost,urgency_pressure,LinkedIn,low,medium,insurance_fee,0,0,1,0
SC_SUNK_0138,hr,"Priya, urgent — your overseas insurance registration must be completed before your departure date. The LKR 12,500 premium is due today. After 2 weeks of processing and 3 rounds of interviews, your slot is confirmed. Please complete the insurance step.",1,sunk_cost,follow_up,SMS,low,medium,insurance_fee,0,0,1,0
SC_SUNK_0139,manager,"Dear Kumara, the BoldStep Careers overseas insurance scheme requires a LKR 15,000 contribution from all departing workers. This is deducted once and never renewed. After two weeks of work, this is the last formality before your departure date is issued.",1,sunk_cost,document_request,SMS,low,medium,insurance_fee,0,0,1,0
SC_SUNK_0140,consultant,"Vishwa, your welfare fund registration for the Canada placement requires a LKR 5,000 contribution. This fund covers you for workplace injury, repatriation, and death benefit while working overseas. After four rounds, please complete this final registration.",1,sunk_cost,follow_up,SMS,low,medium,insurance_fee,0,0,1,0
SC_SUNK_0141,recruiter,"Kumara, urgent — your accommodation deposit of LKR 15,000 must be paid by Friday to hold your room. The Germany staff residence allocation is finalised this week. After 2 rounds, your placement is confirmed — please secure your accommodation now.",1,sunk_cost,document_request,LinkedIn,low,medium,accommodation_deposit,0,0,1,0
SC_SUNK_0142,agent,"Hi Chaminda, your accommodation in Poland has been arranged by CoralPath Careers. The housing deposit of LKR 10,000 secures your room in the company-managed accommodation block near your workplace. After 3 rounds of selection, this deposit is the last step before your arrival details are confirmed.",1,sunk_cost,document_request,Instagram,low,medium,accommodation_deposit,0,0,1,0
SC_SUNK_0143,coordinator,"Dear Saman, the LKR 12,500 housing deposit secures your room in the Finland staff block, which is located 10 minutes from your workplace. After completing 4 rounds of interviews and a medical, this deposit is the last practical requirement before departure.",1,sunk_cost,payment_request,LinkedIn,low,medium,accommodation_deposit,0,0,1,0
SC_SUNK_0144,consultant,"Zainab, your Australia accommodation deposit of LKR 9,000 is due this week. The staff housing is filling quickly as the new intake departs next month. After three rounds of strong performance, please don't let your room be reallocated to another candidate.",1,sunk_cost,sunk_cost_followup,SMS,low,medium,accommodation_deposit,0,0,1,0
SC_SUNK_0145,coordinator,"Chathurika, urgent — your accommodation deposit of LKR 6,500 must be paid by Friday to hold your room. The Italy staff residence allocation is finalised this week. After 4 rounds, your placement is confirmed — please secure your accommodation now.",1,sunk_cost,payment_request,WhatsApp,low,medium,accommodation_deposit,0,0,1,0
SC_SUNK_0146,hr,"Dear Fathima, the LKR 15,000 accommodation deposit is the final item on your pre-departure checklist. After three rounds of interviews, a medical clearance, and a background check, your file is complete in every other respect. This deposit releases your departure date.",1,sunk_cost,payment_request,Telegram,low,obvious,accommodation_deposit,0,0,1,0
SC_SUNK_0147,coordinator,"Dear Rekha, the accommodation deposit of CAD 120 covers your first month's housing in Denmark. After that, accommodation is deducted from your salary at a subsidised rate. After 2 rounds of interviews, this deposit confirms your housing from day one.",1,sunk_cost,document_request,Instagram,low,obvious,accommodation_deposit,0,0,1,0
SC_SUNK_0148,consultant,"Hi Ashan, your room in the SilverLine Staffing staff accommodation in Norway is reserved. The housing deposit is LKR 6,500. After completing 3 rounds of interviews, this deposit secures your accommodation from your first night in Norway.",1,sunk_cost,urgency_pressure,LinkedIn,low,obvious,accommodation_deposit,0,0,1,0
SC_SUNK_0149,manager,"Roshan, your UAE accommodation deposit of LKR 7,500 is due this week. The staff housing is filling quickly as the new intake departs next month. After 4 rounds of strong performance, please don't let your room be reallocated to another candidate.",1,sunk_cost,payment_request,LinkedIn,low,obvious,accommodation_deposit,0,0,1,0
SC_SUNK_0150,agent,"Tharaka, urgent — your accommodation deposit of LKR 3,000 must be paid by Friday to hold your room. The Switzerland staff residence allocation is finalised this week. After 3 rounds, your placement is confirmed — please secure your accommodation now.",1,sunk_cost,follow_up,SMS,low,obvious,accommodation_deposit,0,0,1,0
SC_SUNK_0151,hr,"Hi Vishwa, your room in the SilverLine Staffing staff accommodation in New Zealand is ready. The deposit of LKR 7,500 is transferable to your next assignment if you renew your contract. After 3 rounds of strong performance, this deposit is the last item on your pre-departure list.",1,sunk_cost,urgency_pressure,Email,low,obvious,accommodation_deposit,0,0,1,0
SC_SUNK_0152,coordinator,"Hi Kalani, your room in the HarborPath Recruitment staff accommodation in Dubai is ready. The deposit of LKR 5,000 is transferable to your next assignment if you renew your contract. After 4 rounds of strong performance, this deposit is the last item on your pre-departure list.",1,sunk_cost,follow_up,LinkedIn,low,obvious,accommodation_deposit,0,0,1,0
SC_SUNK_0153,manager,"Dear Indika, the Switzerland employer provides company accommodation for all overseas hires. The accommodation deposit of LKR 6,500 is refundable at the end of your contract. After four weeks of effort, this deposit is the final step before your move-in date is issued.",1,sunk_cost,payment_request,WhatsApp,low,obvious,accommodation_deposit,0,0,1,0
SC_SUNK_0154,manager,"Dear Arjun, the accommodation deposit of LKR 9,000 is required to hold your room in the Switzerland staff residence. The room is shared with one other employee from your batch. After 3 weeks of selection, this is the last practical step before your departure.",1,sunk_cost,urgency_pressure,WhatsApp,low,obvious,accommodation_deposit,0,0,1,0
SC_SUNK_0155,hr,"Dear Wasantha, the Spain employer provides company accommodation for all overseas hires. The accommodation deposit of LKR 5,000 is refundable at the end of your contract. After 3 weeks of effort, this deposit is the final step before your move-in date is issued.",1,sunk_cost,payment_request,Telegram,low,obvious,accommodation_deposit,0,0,1,0
SC_SUNK_0156,manager,"Hi Sachini, your Saudi Arabia accommodation deposit of USD 150 has been outstanding for 3 weeks. The landlord has held the room but will release it to the next candidate if not confirmed. After 4 rounds, please don't lose your housing over a missed deposit.",1,sunk_cost,payment_request,Telegram,low,obvious,accommodation_deposit,0,0,1,0
SC_SUNK_0157,coordinator,"Dear Jeevan, the LKR 12,500 housing deposit secures your room in the Saudi Arabia staff block, which is located 10 minutes from your workplace. After completing 2 rounds of interviews and a medical, this deposit is the last practical requirement before departure.",1,sunk_cost,follow_up,Telegram,low,obvious,accommodation_deposit,0,0,1,0
SC_SUNK_0158,recruiter,"Dear Kalani, the LKR 9,000 accommodation deposit is the final item on your pre-departure checklist. After three rounds of interviews, a medical clearance, and a background check, your file is complete in every other respect. This deposit releases your departure date.",1,sunk_cost,urgency_pressure,Instagram,low,obvious,accommodation_deposit,0,0,1,0
SC_SUNK_0159,coordinator,"Kesara, the accommodation deposit of LKR 4,500 is required before your travel documents can be issued. The Netherlands employer needs to confirm your housing arrangement as part of the visa process. After two weeks of effort, this is the final logistics step.",1,sunk_cost,follow_up,Instagram,low,obvious,accommodation_deposit,0,0,1,0
SC_SUNK_0160,agent,"Dear Lasith, the accommodation deposit of RM 300 covers your first month's housing in UK. After that, accommodation is deducted from your salary at a subsidised rate. After four rounds of interviews, this deposit confirms your housing from day one.",1,sunk_cost,follow_up,Instagram,low,obvious,accommodation_deposit,0,0,1,0
SC_SUNK_0161,hr,"Dear Madushi, the LKR 9,000 flight advance covers your one-way economy ticket to Oman. The return ticket is provided by the employer at the end of your contract. After four weeks of effort and three rounds of selection, this advance is the final payment.",1,sunk_cost,payment_request,LinkedIn,low,very subtle,flight_advance,0,0,1,0
SC_SUNK_0162,hr,"Biyanka, your Switzerland flight is booked and your seat is reserved. The flight advance of LKR 5,000 must be paid to confirm the booking in your name. After two rounds of strong performance, you are one payment away from your departure date.",1,sunk_cost,document_request,Email,low,very subtle,flight_advance,0,0,1,0
SC_SUNK_0163,manager,"Dear Asel, the LKR 4,500 flight advance is deducted from your first month's salary in Denmark. You will not need to pay it out of your own pocket — it is simply an advance against your earnings. After two weeks and 4 rounds, this advance is the last formality.",1,sunk_cost,document_request,LinkedIn,low,very subtle,flight_advance,0,0,1,0
SC_SUNK_0164,coordinator,"Dear Kesara, ProsperLink HR books flights for all confirmed overseas hires. The flight advance of LKR 4,500 covers your economy ticket and is fully reimbursed on arrival. After 3 weeks of selection, this advance is the final step before your travel documents are issued.",1,sunk_cost,document_request,SMS,low,very subtle,flight_advance,0,0,1,0
SC_SUNK_0165,recruiter,"Dear Queenie, the LKR 7,500 flight advance is standard for all CareerVault Lanka overseas placements. The ticket is issued in your name and the advance is recovered from your salary. After three weeks of work, this advance is the only outstanding item.",1,sunk_cost,follow_up,WhatsApp,low,very subtle,flight_advance,0,0,1,0
SC_SUNK_0166,hr,"Dear Indika, PinnacleStaff Intl books flights for all confirmed overseas hires. The flight advance of LKR 15,000 covers your economy ticket and is fully reimbursed on arrival. After 3 weeks of selection, this advance is the final step before your travel documents are issued.",1,sunk_cost,document_request,SMS,low,very subtle,flight_advance,0,0,1,0
SC_SUNK_0167,manager,"Hi Isuru, I understand flight advances feel unusual, but after 2 rounds of selection, your placement is genuine. The LKR 4,500 advance is held against your ticket and refunded in full if the role is cancelled on the employer's side.",1,sunk_cost,follow_up,WhatsApp,low,very subtle,flight_advance,0,0,1,0
SC_SUNK_0168,manager,"Harsha, your flight advance of LKR 10,000 is due today. The travel agent is holding your seat until end of business. After 3 rounds and a successful background check and medical, your placement is fully approved — please confirm your seat today.",1,sunk_cost,payment_request,Telegram,low,very subtle,flight_advance,0,0,1,0
SC_SUNK_0169,hr,"Hi Chandana, I understand flight advances feel unusual, but after three rounds of selection, your placement is genuine. The LKR 12,500 advance is held against your ticket and refunded in full if the role is cancelled on the employer's side.",1,sunk_cost,document_request,Instagram,low,very subtle,flight_advance,0,0,1,0
SC_SUNK_0170,agent,"Dear Nuwan, the LKR 7,500 flight advance is deducted from your first month's salary in Denmark. You will not need to pay it out of your own pocket — it is simply an advance against your earnings. After 2 weeks and 4 rounds, this advance is the last formality.",1,sunk_cost,follow_up,Email,low,very subtle,flight_advance,0,0,1,0
SC_SUNK_0171,recruiter,"Nalinda, your Finland flight is booked and your seat is reserved. The flight advance of LKR 15,000 must be paid to confirm the booking in your name. After 3 rounds of strong performance, you are one payment away from your departure date.",1,sunk_cost,document_request,Telegram,low,medium,flight_advance,0,0,1,0
SC_SUNK_0172,hr,"Hi Chaminda, the flight advance of AED 250 covers your ticket plus checked baggage allowance for your move to Denmark. After three rounds of interviews and three weeks of processing, this advance is the final step before your departure briefing is scheduled.",1,sunk_cost,sunk_cost_followup,Instagram,low,medium,flight_advance,0,0,1,0
SC_SUNK_0173,manager,"Dear Rekha, I want to be fully transparent about the flight advance. The LKR 9,000 is paid to the travel agency, not to FocusHire Lanka. You receive the e-ticket immediately. After completing four rounds, this is a straightforward logistics step.",1,sunk_cost,urgency_pressure,SMS,low,medium,flight_advance,0,0,1,0
SC_SUNK_0174,coordinator,"Hi Enoka, the Poland employer has confirmed your start date. The flight advance of LKR 2,500 is required to book your travel. After completing 3 rounds with strong results, this advance is the last item before your full pre-departure pack is sent.",1,sunk_cost,sunk_cost_followup,WhatsApp,low,medium,flight_advance,0,0,1,0
SC_SUNK_0175,agent,"Dear Madushi, I want to be fully transparent about the flight advance. The LKR 9,000 is paid to the travel agency, not to EagleEye HR. You receive the e-ticket immediately. After completing two rounds, this is a straightforward logistics step.",1,sunk_cost,urgency_pressure,Instagram,low,medium,flight_advance,0,0,1,0
SC_SUNK_0176,manager,"Dear Ashan, FocusHire Lanka books flights for all confirmed overseas hires. The flight advance of LKR 2,500 covers your economy ticket and is fully reimbursed on arrival. After three weeks of selection, this advance is the final step before your travel documents are issued.",1,sunk_cost,document_request,Telegram,low,medium,flight_advance,0,0,1,0
SC_SUNK_0177,recruiter,"Dear Bhagya, the flight advance of USD 50 covers your travel to Poland and is recovered from your salary over three months. After three weeks of work, your file is complete — this advance is the last financial step before your departure pack is issued.",1,sunk_cost,sunk_cost_followup,Telegram,low,medium,flight_advance,0,0,1,0
SC_SUNK_0178,recruiter,"Uthpala, your flight to Italy departs in three weeks. The LKR 4,500 flight advance must be paid before your e-ticket can be issued. After 3 rounds of work, your slot is confirmed — please complete this final step to secure your seat.",1,sunk_cost,urgency_pressure,LinkedIn,low,medium,flight_advance,0,0,1,0
SC_SUNK_0179,manager,"Rashmika, your flight to Portugal departs in three weeks. The LKR 8,000 flight advance must be paid before your e-ticket can be issued. After 3 rounds of work, your slot is confirmed — please complete this final step to secure your seat.",1,sunk_cost,urgency_pressure,SMS,low,medium,flight_advance,0,0,1,0
SC_SUNK_0180,recruiter,"Gayan, your flight advance of LKR 12,500 is due today. The travel agent is holding your seat until end of business. After 3 rounds and a successful background check and medical, your placement is fully approved — please confirm your seat today.",1,sunk_cost,follow_up,WhatsApp,low,medium,flight_advance,0,0,1,0
SC_SUNK_0181,manager,"Hi Shalini, your Czech Republic work permit application is complete except for the LKR 10,000 permit fee. Once paid, the authority processes your permit within 5 working days. After three weeks of effort, your placement is approved — this fee is the final step.",1,sunk_cost,payment_request,LinkedIn,low,medium,work_permit_fee,0,0,1,0
SC_SUNK_0182,hr,"Dear Lasith, the work permit fee of EUR 100 has increased recently due to changes in Sweden immigration policy. However, your application is already submitted and approved in principle. After three rounds, this fee releases your permit.",1,sunk_cost,payment_request,Instagram,low,medium,work_permit_fee,0,0,1,0
SC_SUNK_0183,consultant,"Dear Roshan, the LKR 10,000 work permit fee has been outstanding for 2 weeks. The Finland immigration office has sent a reminder. After 4 rounds of interviews and successful background and medical checks, please complete the final government payment.",1,sunk_cost,follow_up,Email,low,medium,work_permit_fee,0,0,1,0
SC_SUNK_0184,coordinator,"Hi Zainab, the HireNest Lanka HR team has submitted your work permit sponsorship to the Kuwait authority. The LKR 5,000 permit fee is now your responsibility as the applicant. After three weeks of work, this government fee is the last item before your permit is issued.",1,sunk_cost,follow_up,Email,low,medium,work_permit_fee,0,0,1,0
SC_SUNK_0185,manager,"Hi Zainab, your work permit for the Project Coordinator position in Switzerland is in the final stage. The permit fee of LKR 6,500 must be paid before the authority can stamp your application. After four rounds, you are one payment away from an official work permit.",1,sunk_cost,payment_request,Email,low,medium,work_permit_fee,0,0,1,0
SC_SUNK_0186,hr,"Hi Ridma, the work permit administrative fee of LKR 15,000 covers the permit production, the immigration database registration, and the employer notification letter. After two weeks and 2 rounds, your file is complete — this is the final government formality.",1,sunk_cost,follow_up,WhatsApp,low,obvious,work_permit_fee,0,0,1,0
SC_SUNK_0187,agent,"Hi Nadeeka, the SwiftTalent Group HR team has submitted your work permit sponsorship to the Kuwait authority. The LKR 9,000 permit fee is now your responsibility as the applicant. After three weeks of work, this government fee is the last item before your permit is issued.",1,sunk_cost,sunk_cost_followup,Email,low,obvious,work_permit_fee,0,0,1,0
SC_SUNK_0188,consultant,"Hi Madushi, the work permit administrative fee of LKR 6,500 covers the permit production, the immigration database registration, and the employer notification letter. After 2 weeks and three rounds, your file is complete — this is the final government formality.",1,sunk_cost,document_request,Telegram,low,obvious,work_permit_fee,0,0,1,0
SC_SUNK_0189,recruiter,"Lasith, urgent — your work permit processing window closes this Friday. The LKR 5,000 permit fee must be paid before then. After 4 rounds and 3 weeks of work, your placement slot and your permit application expire if this fee is not received.",1,sunk_cost,urgency_pressure,LinkedIn,low,obvious,work_permit_fee,0,0,1,0
SC_SUNK_0190,coordinator,"Hi Rekha, the work permit administrative fee of LKR 9,000 covers the permit production, the immigration database registration, and the employer notification letter. After four weeks and four rounds, your file is complete — this is the final government formality.",1,sunk_cost,payment_request,LinkedIn,low,obvious,work_permit_fee,0,0,1,0
SC_SUNK_0191,agent,"Hi Gehani, your work permit for the Procurement Officer position in Czech Republic is in the final stage. The permit fee of LKR 9,000 must be paid before the authority can stamp your application. After four rounds, you are one payment away from an official work permit.",1,sunk_cost,urgency_pressure,Email,low,obvious,work_permit_fee,0,0,1,0
SC_SUNK_0192,agent,"Shalini, the work permit fee of LKR 4,500 is the final item on your pre-departure checklist. After three rounds of interviews, document submission, medical clearance, and background check, your file is complete in every respect except this one government fee.",1,sunk_cost,sunk_cost_followup,Instagram,low,obvious,work_permit_fee,0,0,1,0
SC_SUNK_0193,coordinator,"Hi Kesara, your work permit application for Oman has been submitted. The work permit fee of LKR 8,000 is payable to the immigration authority. After three rounds of selection and full document verification, this is the last administrative step before your permit is issued.",1,sunk_cost,urgency_pressure,WhatsApp,low,obvious,work_permit_fee,0,0,1,0
SC_SUNK_0194,recruiter,"Dear Nethma, the work permit fee of USD 75 is due. Your permit has been pre-approved by the Denmark immigration authority based on your employer's sponsorship letter. After 3 weeks of effort, please pay this government fee to receive your permit number.",1,sunk_cost,sunk_cost_followup,Email,low,obvious,work_permit_fee,0,0,1,0
SC_SUNK_0195,manager,"Hi Eshan, I understand the work permit fee of LKR 5,000 feels like another cost after everything you've invested. But after four rounds, you are at the final government stage. This permit is what legally authorises you to work in Australia.",1,sunk_cost,urgency_pressure,LinkedIn,low,obvious,work_permit_fee,0,0,1,0
SC_SUNK_0196,consultant,"Dear Uthpala, your Switzerland work permit has been pre-approved under the skilled worker category. The LKR 4,500 permit fee is the government's processing charge. After two rounds of strong interviews and a clean background check, you are at the very last step.",1,sunk_cost,sunk_cost_followup,WhatsApp,low,obvious,work_permit_fee,0,0,1,0
SC_SUNK_0197,manager,"Hi Thilak, the work permit fee of LKR 2,500 is a mandatory government charge for all foreign workers in Malaysia. It is not optional and cannot be waived by CareerVault Lanka. After 3 weeks and 4 rounds, this fee is the only outstanding requirement.",1,sunk_cost,document_request,Telegram,low,obvious,work_permit_fee,0,0,1,0
SC_SUNK_0198,consultant,"Hi Lasith, the PeakHire Global HR team has submitted your work permit sponsorship to the Malaysia authority. The LKR 3,000 permit fee is now your responsibility as the applicant. After three weeks of work, this government fee is the last item before your permit is issued.",1,sunk_cost,follow_up,Email,low,obvious,work_permit_fee,0,0,1,0
SC_SUNK_0199,consultant,"Hi Nalinda, your Office Administrator work permit for Portugal is ready for stamping. The LKR 10,000 fee covers the permit stamp, the official permit card, and the overseas employment registration. After completing 2 rounds, this is the final government charge.",1,sunk_cost,sunk_cost_followup,Email,low,obvious,work_permit_fee,0,0,1,0
SC_SUNK_0200,manager,"Hi Wasantha, your work permit for the Finance Officer position in Dubai is in the final stage. The permit fee of LKR 5,000 must be paid before the authority can stamp your application. After two rounds, you are one payment away from an official work permit.",1,sunk_cost,follow_up,SMS,low,obvious,work_permit_fee,0,0,1,0
